{
  "baseline": {
    "per_channel_db": [
      3.9773294290770367,
      4.863418319564982,
      3.4855120674124174,
      3.7449751197038266
    ],
    "average_db": 4.017808733939566
  },
  "yours": {
    "per_channel_db": [
      11.978101611398515,
      10.438827114022956,
      11.500243489205955,
      12.110608874060503
    ],
    "average_db": 11.506945272171983
  }
}